scope,pass_attempts,interceptions,pass_defenses,qb_hits,sacks,expected_ints,int_rate,expected_int_rate,expected_minus_actual
League 2016-2024,5409,97,586,831,329,543.4635123204218,0.017933074505453873,0.10047393461276055,446.46351232042184
NYJ 2025,543,0,63,58,26,57.797210997085074,0.0,0.10644053590623402,57.797210997085074
League 2025 Avg Team,32,380,2252,2890,1287,2091.0377136507404,11.875,65.34492855158564,1711.0377136507404
